"dataset_id","name","handle","lat","long","state","age_type","bacon","amb_rise","pol_age_min","pol_age_max","gc_age_min","gc_age_max","reason","new","state2","set.year","thick"
29,"Lake Allie","ALLIE",44.8036,-94.5579,"minnesota","Radiocarbon years BP",TRUE,FALSE,-12,478,-15,95,NA,NA,"minnesota",1855,5
30,"Almora Lake","ALMORA1",46.206111,-95.293611,"minnesota","Radiocarbon years BP",FALSE,FALSE,3716,11290,NA,NA,NA,NA,"minnesota",1871,NA
202,"Anderson Lake","ANDERSLK",46.416667,-92.716667,"minnesota","Radiocarbon years BP",TRUE,FALSE,10058,10742,10350,10800,NA,NA,"minnesota",1869,NA
204,"Andree Bog","ANDREE",45.725,-93.25,"minnesota","Radiocarbon years BP",FALSE,FALSE,8970,11333,NA,NA,NA,NA,"minnesota",1857,NA
223,"Bad Medicine Lake","BADMED",47.123935,-95.397205,"minnesota","Radiocarbon years BP",TRUE,FALSE,-9,223,-15,76,NA,NA,"minnesota",1874,5
241,"Black Bass Lake","BBASS",46.128056,-93.703889,"minnesota","Radiocarbon years BP",TRUE,FALSE,0,1994,-15,80,NA,NA,"minnesota",1870,10
249,"Beckman Lake","BECKMAN",45.425,-93.183333,"minnesota","Radiocarbon years BP",TRUE,FALSE,0,10412,0,94,NA,NA,"minnesota",1856,10
3062,"Beckman Lake","BECKMNBG",45.425,-93.183333,"minnesota","Radiocarbon years BP",TRUE,FALSE,-29,429,-29,94,NA,NA,"minnesota",1856,5
272,"Big John Pond","BIGJOHN",47.559175,-94.970775,"minnesota","Radiocarbon years BP",TRUE,FALSE,-31,5374,-31,3495,NA,NA,"minnesota",1890,15
275,"Billy's Lake","BILLYS",46.27058,-94.551555,"minnesota","Radiocarbon years BP",TRUE,FALSE,-24,10099,-24,9910,NA,NA,"minnesota",1870,15
280,"Blandin Pond","BLANDIN",47.133333,-93.666667,"minnesota","Radiocarbon years BP",TRUE,FALSE,-28,696,-32,81,NA,NA,"minnesota",1869,5
282,"Blackhoof Site","BLKHOOF",46.503333,-92.573333,"minnesota","Radiocarbon years BP",FALSE,FALSE,9750,10795,NA,NA,NA,NA,"minnesota",1858,NA
296,"Bob Lake","BOBLAKE",46.633611,-92.614722,"minnesota","Radiocarbon years BP",TRUE,FALSE,-9,495,-15,92,NA,NA,"minnesota",1858,5
298,"Bog D Pond","BOGD",47.1775,-95.162675,"minnesota","Radiocarbon years BP",TRUE,FALSE,-10,10296,0,8560,NA,NA,"minnesota",1879,15
305,"Bossuot Lake","BOSSUOT",44.296475,-93.73571,"minnesota","Radiocarbon years BP",TRUE,FALSE,-13,467,-15,95,NA,NA,"minnesota",1855,10
314,"Brown's Bay, Lake Minnetonka","BROWNSBY",44.95769,-93.545105,"minnesota","Calendar years BP",FALSE,FALSE,-32,584,NA,NA,NA,NA,"minnesota",1855,5
325,"Burntside Lake","BURNTSDE",47.924167,-91.994722,"minnesota","Radiocarbon years BP",TRUE,FALSE,-24,904,-24,69,NA,NA,"minnesota",1881,5
334,"Campbell Lake","CAMPBELL",44.70722,-93.497645,"minnesota","Radiocarbon years BP",TRUE,FALSE,-12,343,-15,96,NA,NA,"minnesota",1854,10
352,"Cedar Bog","CEDARBLK",45.411111,-93.197222,"minnesota","Radiocarbon years BP",TRUE,FALSE,-10,11056,-10,7880,NA,NA,"minnesota",1856,20
382,"Cindy Pond","CINDY",47.172305,-94.938965,"minnesota","Radiocarbon years BP",TRUE,FALSE,-9,495,-15,72,NA,NA,"minnesota",1878,5
515,"Cottonwood Lake","MNGRCL",45.76101,-96.01988,"minnesota","Radiocarbon years BP",TRUE,FALSE,-12,165,-15,82,NA,NA,"minnesota",1868,5
521,"Crazy Pond","CRAZY",47.182465,-95.73495,"minnesota","Radiocarbon years BP",TRUE,FALSE,-9,552,-15,75,NA,NA,"minnesota",1875,5
545,"Dalton Lake","DALTON",46.173889,-95.915278,"minnesota","Radiocarbon years BP",TRUE,FALSE,-12,256,-15,81,NA,NA,"minnesota",1869,10
717,"Dogfish Lake","DOGFISH",48.183333,-92.183333,"minnesota","Radiocarbon years BP",TRUE,FALSE,-24,189,-24,55,NA,NA,"minnesota",1895,5
774,"Dunnigan Lake","DUNNIGAN",47.708333,-91.641667,"minnesota","Radiocarbon years BP",FALSE,FALSE,-33,237,NA,NA,NA,NA,"minnesota",1907,NA
781,"East Twin Lake","EASTTWIN",45.333333,-93.508333,"minnesota","Radiocarbon years BP",TRUE,FALSE,-5,915,-15,95,NA,NA,"minnesota",1855,5
786,"Eggert Lake","EGGERT",44.47012,-93.619035,"minnesota","Radiocarbon years BP",TRUE,FALSE,-12,433,-15,95,NA,NA,"minnesota",1855,5
817,"Faith Pond","FAITH",47.272455,-96.09405,"minnesota","Radiocarbon years BP",TRUE,FALSE,-12,291,-15,78,NA,NA,"minnesota",1872,5
822,"Farquar Lake","FARQUAR",44.75815,-93.16449,"minnesota","Radiocarbon years BP",TRUE,FALSE,-12,419,-15,96,NA,NA,"minnesota",1854,5
824,"Fawn Lake","FAWNLAKE",46.218889,-94.753333,"minnesota","Radiocarbon years BP",TRUE,FALSE,-10,602,-15,87,NA,NA,"minnesota",1863,5
846,"Fox Pond","FOXPOND",47.165,-95.558333,"minnesota","Radiocarbon years BP",TRUE,FALSE,-13,2759,-15,75,NA,NA,"minnesota",1875,10
850,"French Lake","FRENCH",44.945765,-94.42074,"minnesota","Radiocarbon years BP",TRUE,FALSE,10,3524,0,3465,NA,NA,"minnesota",1856,20
869,"George Lake","GEORGE",44.2329,-93.87066,"minnesota","Radiocarbon years BP",TRUE,FALSE,-12,1500,-15,95,NA,NA,"minnesota",1855,5
15245,"George Lake","MNBELG",44.2329,-93.87066,"minnesota","Calendar years BP",TRUE,TRUE,-10,275,-13,90,NA,NA,"minnesota",1855,15
967,"Goldsmith Lake","GOLDSMTH",46.583333,-92.466667,"minnesota","Radiocarbon years BP",TRUE,FALSE,-9,608,-15,92,NA,NA,"minnesota",1858,5
990,"Grice Pond","GRICE",47.2036,-95.755515,"minnesota","Radiocarbon years BP",TRUE,FALSE,-6,650,-15,75,NA,NA,"minnesota",1875,5
1032,"Hemo Pond","HEMOPOND",47.133,-95.47461,"minnesota","Radiocarbon years BP",TRUE,FALSE,-13,123,-15,76,NA,NA,"minnesota",1874,10
1109,"Blocknic Lake [Horse Pond]","HORSE",47.181535,-95.86866,"minnesota","Radiocarbon years BP",TRUE,FALSE,-11,251,-15,79,NA,NA,"minnesota",1871,10
1110,"Horseshoe Lake","HORSHOHA",45.460278,-93.047778,"minnesota","Radiocarbon years BP",TRUE,FALSE,8055,13042,9300,13530,NA,NA,"minnesota",1854,20
1111,"Hostage Lake","HOSTAGE",46.55,-94.133333,"minnesota","Radiocarbon years BP",TRUE,FALSE,-30,4630,-30,3485,NA,NA,"minnesota",1871,10
1134,"Hug Lake","HUGLAKE",47.958333,-90.933333,"minnesota","Radiocarbon years BP",TRUE,FALSE,-14,370,-20,65,NA,NA,"minnesota",1885,5
1138,"Hustler Lake","HUSTLER",48.233333,-92.158333,"minnesota","Radiocarbon years BP",FALSE,FALSE,-33,180,NA,NA,NA,NA,"minnesota",1895,5
1153,"Irvin Lake","IRVIN",47.135556,-93.643611,"minnesota","Radiocarbon years BP",TRUE,FALSE,-32,12000,-32,7500,NA,NA,"minnesota",1869,15
1163,"Jacobson Lake","JACOBSN1",46.416944,-92.716944,"minnesota","Radiocarbon years BP",FALSE,FALSE,6160,10800,NA,NA,NA,NA,"minnesota",1869,NA
3138,"Jacobson Lake","JACOBSN2",46.416944,-92.716944,"minnesota","Radiocarbon years BP",TRUE,FALSE,18,9000,0,7210,NA,NA,"minnesota",1869,10
15274,"Jones Lake","MNSHBL",45.428085,-93.981475,"minnesota","Calendar years BP",TRUE,FALSE,-6,491,-13,94,NA,NA,"minnesota",1856,5
1446,"Kegan Lake","KEGAN",44.75836,-93.11674,"minnesota","Radiocarbon years BP",TRUE,FALSE,-11,216,-15,96,NA,NA,"minnesota",1854,5
1520,"Kirchner Marsh","KIRCHNR1",44.77085,-93.12255,"minnesota","Radiocarbon years BP",TRUE,FALSE,182,11786,0,13270,NA,NA,"minnesota",1854,20
3455,"Kirchner Marsh","KIRCHNR2",44.77085,-93.12255,"minnesota","Radiocarbon years BP",TRUE,FALSE,10,12237,0,12050,NA,NA,"minnesota",1854,10
1548,"Kotiranta Lake","KOTIRANT",46.72,-92.62,"minnesota","Radiocarbon years BP",TRUE,FALSE,150,14970,200,16150,NA,NA,"minnesota",1870,20
1552,"Kryzewinski Lake","KRYZ",46.353333,-92.870278,"minnesota","Radiocarbon years BP",TRUE,FALSE,-12,325,-15,80,NA,NA,"minnesota",1870,5
1564,"Kylen Lake","KYLENLK",47.35,-91.8,"minnesota","Radiocarbon years BP",TRUE,FALSE,8406,15900,8410,15850,NA,NA,"minnesota",1892,10
1584,"Lake Ann","LAKEANN",45.425,-93.6875,"minnesota","Radiocarbon years BP",TRUE,FALSE,-12,314,-15,95,NA,NA,"minnesota",1855,15
3468,"Lake Ann","LAKEANNF",45.425,-93.6875,"minnesota","Radiocarbon years BP",TRUE,FALSE,791,10547,-30,7420,NA,NA,"minnesota",1855,20
3469,"Lake Ann","LAKEANNH",45.425,-93.6875,"minnesota","Radiocarbon years BP",FALSE,FALSE,4846,13327,NA,NA,NA,NA,"minnesota",1855,NA
1588,"Lake Carlson","LAKECARL",44.79985,-93.15975,"minnesota","Radiocarbon years BP",TRUE,FALSE,11,12209,9,97,NA,NA,"minnesota",1853,15
1629,"Lewis Lake","LEWISLK",45.749444,-93.364167,"minnesota","Radiocarbon years BP",TRUE,FALSE,-12,359,-15,93,NA,NA,"minnesota",1857,10
1633,"Lily Lake (US:Minnesota)","LILYLAKE",45.05,-92.825,"minnesota","Radiocarbon years BP",TRUE,FALSE,0,14679,0,11770,NA,NA,"minnesota",1847,15
1639,"Little Bass Lake","LITTBASS",47.286,-93.600465,"minnesota","Radiocarbon years BP",TRUE,FALSE,0,10614,0,10660,NA,NA,"minnesota",1869,15
1649,"Lake of the Clouds","LKCLDSA",48,-91.116667,"minnesota","Varve years BP",FALSE,NA,9114,11800,NA,NA,NA,NA,"minnesota",1879,5
3482,"Lake of the Clouds","LKCLDSH",48,-91.116667,"minnesota","Radiocarbon years BP",TRUE,FALSE,491,9588,780,9090,NA,NA,"minnesota",1879,5
3483,"Lake of the Clouds","LKCLDSSW",48,-91.116667,"minnesota","Varve years BP",FALSE,FALSE,-20,960,NA,NA,NA,NA,"minnesota",1879,NA
1685,"Lake Mabel","MABEL",44.36044,-93.61535,"minnesota","Radiocarbon years BP",FALSE,FALSE,-14,70,NA,NA,NA,NA,"minnesota",1855,NA
1708,"Martin Pond","MARTINPD",47.173975,-94.943965,"minnesota","Radiocarbon years BP",TRUE,FALSE,0,10909,0,72,NA,NA,"minnesota",1878,15
1720,"McCraney Lake","MCCRANEY",47.17087,-95.70266,"minnesota","Radiocarbon years BP",TRUE,FALSE,-12,257,-15,75,NA,NA,"minnesota",1875,10
1757,"Lake Minnie","MINNIEN",47.244755,-95.007715,"minnesota","Radiocarbon years BP",TRUE,FALSE,3,6534,0,72,NA,NA,"minnesota",1878,20
3492,"Lake Minnie","MINNIEO",47.244755,-95.007715,"minnesota","Radiocarbon years BP",TRUE,FALSE,1,11581,0,8140,NA,NA,"minnesota",1878,15
1777,"Mud Lake","MUDLKMN1",44.226105,-93.829815,"minnesota","Radiocarbon years BP",TRUE,FALSE,-12,285,-15,95,NA,NA,"minnesota",1855,10
1778,"Mud Lake (US:Minnesota:Hubbard)","MUDLKMN2",46.866667,-94.75,"minnesota","Radiocarbon years BP",TRUE,FALSE,-30,3631,-30,2870,NA,NA,"minnesota",1871,20
1781,"Murphy Lake","MURPHY",44.711625,-93.341105,"minnesota","Radiocarbon years BP",TRUE,FALSE,-13,311,-15,96,NA,NA,"minnesota",1854,20
1786,"Myrtle Lake","MYRTLE",47.982605,-93.3853,"minnesota","Radiocarbon years BP",TRUE,FALSE,0,11000,0,11120,NA,NA,"minnesota",1883,20
1793,"Nels Lake","NELSLK",48.033333,-91.9,"minnesota","Radiocarbon years BP",FALSE,FALSE,-33,97,NA,NA,NA,NA,"minnesota",1900,5
1794,"Nelson Pond","NELSONPD",46.40707,-92.686585,"minnesota","Radiocarbon years BP",TRUE,FALSE,5497,7770,5540,7245,NA,NA,"minnesota",1869,5
1830,"Lake Onamia","ONAMIA",46.068333,-93.68,"minnesota","Radiocarbon years BP",TRUE,FALSE,-9,1093,-15,80,NA,NA,"minnesota",1870,5
1831,"Ondris Pond","ONDRISPD",46.341585,-94.408,"minnesota","Radiocarbon years BP",TRUE,FALSE,-15,1558,-15,975,NA,NA,"minnesota",1870,5
3541,"Pogonia Bog Pond","PGONIABG",45.03503,-93.6305,"minnesota","Radiocarbon years BP",TRUE,FALSE,-24,167,-24,95,NA,NA,"minnesota",1855,5
3558,"Pogonia Bog Pond","POGONIA",45.03503,-93.6305,"minnesota","Radiocarbon years BP",TRUE,FALSE,-24,11117,-24,11190,NA,NA,"minnesota",1855,20
3784,"Third Lake","THIRDLK",48.098755,-92.010535,"minnesota","Radiocarbon years BP",FALSE,FALSE,150,9977,NA,NA,NA,NA,"minnesota",1900,NA
3786,"Third Lake","THRDBGN",48.098755,-92.010535,"minnesota","Radiocarbon years BP",FALSE,FALSE,292,1600,NA,NA,NA,NA,"minnesota",1900,NA
3788,"Third Lake","THRDBGW",48.098755,-92.010535,"minnesota","Radiocarbon years BP",TRUE,FALSE,50,3215,50,50,NA,NA,"minnesota",1900,20
1884,"Pennington Lake","PENNINGT",45.780556,-93.273056,"minnesota","Radiocarbon years BP",TRUE,FALSE,-12,495,-15,93,NA,NA,"minnesota",1857,15
1891,"Peterson Slough","PETERSL",46.966667,-95.316667,"minnesota","Radiocarbon years BP",TRUE,FALSE,-30,3466,-30,3010,NA,NA,"minnesota",1878,15
1955,"Pleasant Lake","PLEASAMN",44.60587,-93.563475,"minnesota","Radiocarbon years BP",TRUE,FALSE,-8,1245,-15,95,NA,NA,"minnesota",1855,5
1966,"Portage Lake","PORTAGE",47.081,-94.113,"minnesota","Radiocarbon years BP",TRUE,FALSE,12,11780,0,9780,NA,NA,"minnesota",1873,20
2051,"Reichow Pond","REICHOW",47.190745,-95.77364,"minnesota","Radiocarbon years BP",TRUE,FALSE,-8,645,-15,79,NA,NA,"minnesota",1871,5
2053,"Reidel Lake","REIDEL",46.211944,-95.284167,"minnesota","Radiocarbon years BP",TRUE,FALSE,-31,11610,0,11130,NA,NA,"minnesota",1871,20
2062,"Rholl Lake","RHOLL",47.6,-96.166667,"minnesota","Radiocarbon years BP",TRUE,FALSE,-9,722,-15,78,NA,NA,"minnesota",1872,5
2066,"Rice Lake","RICEMNA",46.922222,-95.575,"minnesota","Radiocarbon years BP",FALSE,FALSE,-14,6760,NA,NA,NA,NA,"minnesota",1871,NA
3568,"Rice Lake","RICEMNB",46.922222,-95.575,"minnesota","Radiocarbon years BP",TRUE,FALSE,-15,4297,-18,1930,NA,NA,"minnesota",1871,20
2290,"Rossburg Bog","ROSSBURG",46.583333,-93.6,"minnesota","Radiocarbon years BP",TRUE,FALSE,2000,12264,2000,10100,NA,NA,"minnesota",1870,15
2314,"Rutz Lake","RUTZLAKE",44.87083,-93.858975,"minnesota","Radiocarbon years BP",TRUE,FALSE,-3,11838,-15,12000,NA,NA,"minnesota",1855,15
2354,"Sedivy Lake","SEDIVY",47.208889,-95.833333,"minnesota","Radiocarbon years BP",TRUE,FALSE,-13,124,-15,79,NA,NA,"minnesota",1871,20
2375,"Shagawa Lake","SHAGAWA",47.916667,-91.866667,"minnesota","Radiocarbon years BP",TRUE,FALSE,-18,1950,-20,1935,NA,NA,"minnesota",1884,5
2383,"Silver Lake","SILVERMN",44.895835,-94.20414,"minnesota","Radiocarbon years BP",TRUE,FALSE,-13,279,-15,94,NA,NA,"minnesota",1856,20
2394,"Siseebakwet South","SISEEBA",47.133333,-93.683333,"minnesota","Radiocarbon years BP",TRUE,FALSE,-28,632,-32,81,NA,NA,"minnesota",1869,5
2581,"Solum Lake","SOLUM",46.662222,-96.25,"minnesota","Radiocarbon years BP",TRUE,FALSE,-12,229,-15,80,NA,NA,"minnesota",1870,5
2584,"South Stanchfield Lake","SOSTANCH",45.725,-93.466667,"minnesota","Radiocarbon years BP",TRUE,FALSE,-14,131,-15,98,NA,NA,"minnesota",1852,5
2585,"Spectacle Lake","SPECTACL",45.572222,-93.408333,"minnesota","Radiocarbon years BP",TRUE,FALSE,-12,359,-15,93,NA,NA,"minnesota",1857,5
2600,"St. Catherines Lake","STCATHER",44.626875,-93.43352,"minnesota","Radiocarbon years BP",TRUE,FALSE,11,266,-15,95,NA,NA,"minnesota",1855,10
2605,"Stone Lake","STONE",45.4,-93.522222,"minnesota","Radiocarbon years BP",TRUE,FALSE,-9,682,-15,95,NA,NA,"minnesota",1855,5
2607,"Stone Lake Tamarack Swamp","STONTAM1",44.891667,-93.691667,"minnesota","Radiocarbon years BP",FALSE,FALSE,202,10761,NA,NA,NA,NA,"minnesota",1855,NA
3780,"Stone Lake Tamarack Swamp","STONTAM2",44.891667,-93.691667,"minnesota","Radiocarbon years BP",FALSE,FALSE,150,346,NA,NA,NA,NA,"minnesota",1855,NA
2613,"Sunfish Lake","SUNFISH",44.874722,-93.1,"minnesota","Radiocarbon years BP",TRUE,FALSE,-12,544,-15,97,NA,NA,"minnesota",1853,5
2638,"Quallen Lake [Terhell Pond]","TERHELL",47.19324,-95.786645,"minnesota","Radiocarbon years BP",TRUE,FALSE,-8,10487,0,4270,NA,NA,"minnesota",1871,20
2640,"Thompson Pond","THOMPSON",47.19482,-96.09332,"minnesota","Radiocarbon years BP",TRUE,FALSE,6,10175,0,79,NA,NA,"minnesota",1871,5
2648,"Toenjes Lake","TOENJES",45.40895,-93.981715,"minnesota","Radiocarbon years BP",TRUE,FALSE,-13,310,-15,94,NA,NA,"minnesota",1856,15
2881,"Twin Lakes","TWINMN1",45.848889,-93.167778,"minnesota","Radiocarbon years BP",TRUE,FALSE,-13,287,-15,95,NA,NA,"minnesota",1855,10
2888,"Upper Graven Lake","UPGRAVEN",46.184444,-95.306944,"minnesota","Radiocarbon years BP",TRUE,FALSE,12,11000,-34,10310,NA,NA,"minnesota",1871,10
3837,"Weber Lake","WEBERLK",47.471667,-91.66,"minnesota","Radiocarbon years BP",TRUE,FALSE,10,15000,10,56,NA,NA,"minnesota",1894,20
2948,"Wentzel's Pond","WENTZEL",46.95,-94.95,"minnesota","Radiocarbon years BP",TRUE,FALSE,-30,3249,-30,2425,NA,NA,"minnesota",1873,5
2952,"White Lily Lake","WHITLIL1",46.086111,-93.102778,"minnesota","Radiocarbon years BP",TRUE,FALSE,-12,359,-15,95,NA,NA,"minnesota",1855,5
3841,"White Lily Lake","WHITLILY",46.086111,-93.102778,"minnesota","Radiocarbon years BP",FALSE,FALSE,8000,16150,NA,NA,NA,NA,"minnesota",1855,NA
2956,"Willow River Pond","WILWRDPD",46.324305,-92.78081,"minnesota","Radiocarbon years BP",TRUE,FALSE,4818,8003,5160,7890,NA,NA,"minnesota",1870,5
3029,"Wolf Creek","WOLFCRK",46.116667,-94.116667,"minnesota","Radiocarbon years BP",TRUE,FALSE,9000,20658,9150,20500,NA,NA,"minnesota",1858,20
3031,"Wolsfeld Lake","WOLSFELD",45.005,-93.5727,"minnesota","Radiocarbon years BP",TRUE,FALSE,-25,12000,-25,13864,NA,NA,"minnesota",1855,20
10970,"South Heron Lake","SOUHERON",43.7195,-95.228,"minnesota","Calendar years BP",TRUE,FALSE,-10,145,-13,92,NA,NA,"minnesota",1858,5
10971,"Ocheda Lake","OCHEDA",43.56928,-95.59275,"minnesota","Calendar years BP",TRUE,FALSE,-10,124,-13,82,NA,NA,"minnesota",1868,5
10973,"Blomford Lake","BLOMFORD",45.4935,-93.1545,"minnesota","Calendar years BP",TRUE,FALSE,-20,1322,-30,96,NA,NA,"minnesota",1854,5
10974,"Fawn Lake","FAWNANMN",45.4072,-93.0532,"minnesota","Calendar years BP",TRUE,FALSE,-26,403,-30,95,NA,NA,"minnesota",1855,5
10975,"Frovold Lake","FROVOLD",45.377,-95.5625,"minnesota","Calendar years BP",TRUE,FALSE,-20,334,-30,83,NA,NA,"minnesota",1867,5
10976,"Goose Lake","GOOSEMN",44.99,-94.591,"minnesota","Calendar years BP",TRUE,FALSE,-17,217,-28,94,NA,NA,"minnesota",1856,5
10977,"Olson Lake","OLSONMN",46.51205,-93.66005,"minnesota","Calendar years BP",TRUE,FALSE,-28,2063,-28,80,NA,NA,"minnesota",1870,15
10983,"Round Grove Lake","RNDGROVE",44.709,-94.4935,"minnesota","Calendar years BP",TRUE,FALSE,-22,330,-28,95,NA,NA,"minnesota",1855,5
12004,"Last Lake","LASTLAKE",45.45,-95.24005,"minnesota","Calendar years BP",FALSE,FALSE,-24,870,NA,NA,NA,NA,"minnesota",1857,NA
12005,"Cottonwood Lake","MNLYC2",44.6173,-95.68015,"minnesota","Calendar years BP",TRUE,FALSE,-11,816,-20,86,NA,NA,"minnesota",1864,10
12006,"Monson Lake","MONSON",45.324,-95.27935,"minnesota","Calendar years BP",TRUE,FALSE,-27,176,-30,93,NA,NA,"minnesota",1857,20
12007,"Deans Lake","DEANS",44.77528,-93.44692,"minnesota","Calendar years BP",TRUE,FALSE,0,733,-29,96,NA,NA,"minnesota",1854,15
12008,"Lake Emily","EMILY",44.30865,-93.92,"minnesota","Calendar years BP",TRUE,FALSE,-12,211,-29,96,NA,NA,"minnesota",1854,20
12009,"Perch Lake","PERCHMN",46.19165,-95.4687,"minnesota","Calendar years BP",TRUE,FALSE,-27,201,-29,79,NA,NA,"minnesota",1871,20
12010,"Chub Lake","CHUBLAKE",44.5635,-93.218805,"minnesota","Calendar years BP",TRUE,FALSE,-9,427,-29,96,NA,NA,"minnesota",1854,5
12011,"Lake Rachel","MNDLLR",45.80155,-95.55285,"minnesota","Calendar years BP",TRUE,FALSE,-30,672,-30,84,NA,NA,"minnesota",1866,10
12012,"Ziebell Lake","ZIEBELL",46.05545,-95.26345,"minnesota","Calendar years BP",TRUE,FALSE,-32,483,-32,79,NA,NA,"minnesota",1871,15
12013,"Mud Lake","MNDLML",45.8576,-95.4609,"minnesota","Calendar years BP",TRUE,FALSE,-28,326,-30,84,NA,NA,"minnesota",1866,20
12014,"Lybeck Lake","LYBECK",45.6745,-95.7125,"minnesota","Calendar years BP",TRUE,FALSE,-32,235,-32,83,NA,NA,"minnesota",1867,15
12015,"Union Lake","UNION",45.81725,-95.34235,"minnesota","Calendar years BP",TRUE,FALSE,-27,525,-30,84,NA,NA,"minnesota",1866,5
12016,"Albert Lea Lake","MNFRAL",43.65255,-93.284,"minnesota","Calendar years BP",TRUE,FALSE,-27,209,-29,96,NA,NA,"minnesota",1854,NA
15248,"Albert Lea Lake","ALBERTL3",43.65255,-93.284,"minnesota","Calendar years BP",TRUE,TRUE,9,317,-46,90,NA,NA,"minnesota",1854,10
12024,"Everhart Lake","EVRHRTLK",43.6176,-93.43875,"minnesota","Calendar years BP",TRUE,FALSE,-27,363,-30,96,NA,NA,"minnesota",1854,10
13029,"Sharkey Lake","SHARKEY",44.5924,-93.4132,"minnesota","Calibrated radiocarbon years BP",TRUE,TRUE,65,12082,-51,12040,NA,NA,"minnesota",1855,20
13032,"Kimble Pond","KIMBLE",44.21895,-93.84015,"minnesota","Calibrated radiocarbon years BP",TRUE,FALSE,-48,12254,-51,12622,NA,NA,"minnesota",1855,20
13051,"West Olaf Lake","WESTOLAF",46.5986,-96.18675,"minnesota","Calibrated radiocarbon years BP",TRUE,FALSE,-25,8633,80,9096,NA,NA,"minnesota",1870,15
13056,"Oak Glen Lake","OAKGLEN",43.92945,-93.0815,"minnesota","Calendar years BP",TRUE,FALSE,-29,199,-29,96,NA,NA,"minnesota",1854,20
13057,"Camp Lake","CAMPLAKE",45.40595,-95.39015,"minnesota","Calendar years BP",TRUE,FALSE,-27,381,-30,93,NA,NA,"minnesota",1857,5
14270,"Bass Lake","BASSK",45.19932,-94.878745,"minnesota","Calendar years BP",TRUE,TRUE,77,1173,-42,1100,NA,NA,"minnesota",1857,15
14403,"Lake Sallie","SALLIE",46.77186,-95.896225,"minnesota","Calendar years BP",TRUE,TRUE,-18,135,-20,70,NA,NA,"minnesota",1870,5
14435,"Johnson Lake","MNPPJL",45.44376,-95.272065,"minnesota","Calendar years BP",TRUE,TRUE,-26,450,-30,90,NA,NA,"minnesota",1857,5
14535,"Lily Lake","LILY",44.19291,-93.63978,"minnesota","Calibrated radiocarbon years BP",TRUE,TRUE,69,652,-45,710,NA,NA,"minnesota",1854,5
14537,"Kelly-Dudley Lake","KELLYDUD",44.354435,-93.365935,"minnesota","Calibrated radiocarbon years BP",TRUE,TRUE,17,7180,-38,5700,NA,NA,"minnesota",1855,10
14539,"Martha Lake","MARTHA",45.141805,-93.73915,"minnesota","Calibrated radiocarbon years BP",TRUE,TRUE,89,3841,-44,2580,NA,NA,"minnesota",1858,5
19316,"Norwood","NORPOL",44.709298,-93.926793,"minnesota","Calibrated radiocarbon years BP",FALSE,FALSE,12483,15388,NA,NA,NA,NA,"minnesota",1855,NA
14626,"Minnreg","MINNREG",44.693385,-93.3212,"minnesota","Calendar years BP",TRUE,TRUE,43,753,-42,800,NA,NA,"minnesota",1854,15
14631,"Amber Lake","AMBER",43.60715,-94.473645,"minnesota","Calendar years BP",TRUE,TRUE,85,965,-43,864,NA,NA,"minnesota",1854,5
14633,"Camp Lake","CAMP",45.16204,-94.0929,"minnesota","Calendar years BP",TRUE,TRUE,102,1537,-43,1550,NA,NA,"minnesota",1857,5
14635,"Crystal Lake","CRYSTAL",44.333485,-93.212125,"minnesota","Calendar years BP",TRUE,TRUE,62,1815,-44,1910,NA,NA,"minnesota",1854,5
14637,"Fish Lake","FISHL",44.229535,-93.665425,"minnesota","Calendar years BP",TRUE,TRUE,87,826,-42,760,NA,NA,"minnesota",1854,10
14639,"Fish Lake","FISHS",44.65162,-93.460155,"minnesota","Calendar years BP",TRUE,TRUE,183,1710,-44,1780,NA,NA,"minnesota",1855,5
14641,"Eagle Lake","EAGLEL",44.808755,-93.93439,"minnesota","Calendar years BP",TRUE,TRUE,87,1974,-45,1680,NA,NA,"minnesota",1856,5
14643,"Lake Emily, Northeast Basin","EMILY_NE",44.313795,-93.914375,"minnesota","Calendar years BP",TRUE,TRUE,27,839,-45,930,NA,NA,"minnesota",1854,5
14645,"Fuller Lake","FULLER",45.421695,-94.075455,"minnesota","Calendar years BP",TRUE,TRUE,52,1718,-43,1900,NA,NA,"minnesota",1856,5
14839,"Lake Mina","LAKEMINA",45.89346,-95.47561,"minnesota","Varve years BP",FALSE,NA,50,830,NA,NA,NA,NA,"minnesota",1861,NA
20311,"Elk Lake","ELKGR-89",45.8668,-95.80385,"minnesota","Calibrated radiocarbon years BP",TRUE,TRUE,-39,6425,-39,80,NA,NA,"minnesota",1868,5
15167,"Elk Lake","MNCLEB",47.18919,-95.21787,"minnesota","Calendar years BP",TRUE,TRUE,-28,182,-28,80,NA,NA,"minnesota",1879,5
15168,"Elk Lake","MNCLEC",47.18919,-95.21787,"minnesota","Calendar years BP",TRUE,TRUE,-28,128,-28,80,NA,NA,"minnesota",1879,5
15169,"Elk Lake","MNCLE4",47.18919,-95.21787,"minnesota","Calendar years BP",TRUE,TRUE,-24,168,-28,80,NA,NA,"minnesota",1879,5
15219,"Elk Lake","MNCLED",47.18919,-95.21787,"minnesota","Calendar years BP",TRUE,TRUE,-18,100,-20,60,NA,NA,"minnesota",1879,5
15269,"Elk Lake","MNCLEL",47.18919,-95.21787,"minnesota","Calendar years BP",TRUE,TRUE,12,158,58,169,NA,NA,"minnesota",1879,5
15228,"St. Clair Lake","MNBCSC",46.80338,-95.88068,"minnesota","Calendar years BP",TRUE,TRUE,-18,126,-20,80,NA,NA,"minnesota",1871,20
15252,"Ozawindib Lake","MNCLSQ",47.22823,-95.27284,"minnesota","Calibrated radiocarbon years BP",TRUE,TRUE,-19,935,-23,790,NA,NA,"minnesota",1875,20
15254,"Little Horseshoe Lake","MNCHLH",45.590765,-93.06903,"minnesota","Calendar years BP",TRUE,TRUE,-27,313,-30,70,NA,NA,"minnesota",1854,5
15256,"Cora Lake","MNOTCL",46.165285,-95.32412,"minnesota","Calendar years BP",TRUE,TRUE,-26,401,-29,80,NA,NA,"minnesota",1871,5
15266,"Tamarack Lake","MNCVTL",44.87385,-93.63464,"minnesota","Calendar years BP",TRUE,TRUE,-27,111,-27,100,NA,NA,"minnesota",1855,10
15270,"LaSalle Lake","MNHBLS",47.33732,-95.16525,"minnesota","Varve years BP",TRUE,FALSE,-14,223,-14,223,NA,NA,"minnesota",1879,5
15273,"Saint Olaf Lake","MNWSSO",43.90284,-93.417225,"minnesota","Calendar years BP",TRUE,TRUE,-27,195,-29,95,NA,NA,"minnesota",1854,5
15281,"Williams Lake","WILLIAMJ",46.95391,-94.66923,"minnesota","Calibrated radiocarbon years BP",TRUE,FALSE,-10,10978,-39,7680,NA,NA,"minnesota",1870,10
15294,"Long Lake","MNHNLL",44.988845,-93.556405,"minnesota","Calibrated radiocarbon years BP",TRUE,TRUE,-27,2902,-29,2477,NA,NA,"minnesota",1855,5
15318,"Wolsfeld Woods Marsh","MNHNWB",45.00373,-93.574555,"minnesota","Calibrated radiocarbon years BP",TRUE,TRUE,-25,1503,-25,905,NA,NA,"minnesota",1855,5
15403,"Deep Lake","DEEPLAKE",47.683805,-95.398395,"minnesota","Calibrated radiocarbon years BP",TRUE,FALSE,143,8214,-40,10700,NA,NA,"minnesota",1891,20
15965,"Qually Pond","QUALLY",47.683165,-96.20294,"minnesota","Calibrated radiocarbon years BP",TRUE,FALSE,1379,12281,-12,11740,NA,NA,"minnesota",1876,20
15985,"Itasca Bison Kill Site","ITASCALC",47.19285,-95.2339,"minnesota","Calendar years BP",FALSE,FALSE,3575,8664,NA,NA,NA,NA,"minnesota",1875,NA
15989,"Itasca Bison Kill Site","ITASCAMB",47.19285,-95.2339,"minnesota","Calibrated radiocarbon years BP",TRUE,FALSE,9825,10685,9360,9690,NA,NA,"minnesota",1875,5
15992,"Itasca Bison Kill Site","ITASCAMC",47.19285,-95.2339,"minnesota","Calibrated radiocarbon years BP",FALSE,FALSE,7688,8899,NA,NA,NA,NA,"minnesota",1875,NA
15998,"Itasca Bison Kill Site","ITASCAMD",47.19285,-95.2339,"minnesota","Calibrated radiocarbon years BP",FALSE,FALSE,3147,7419,NA,NA,NA,NA,"minnesota",1875,NA
16002,"Itasca Bison Kill Site","ITASCAT2",47.19285,-95.2339,"minnesota","Calibrated radiocarbon years BP",FALSE,FALSE,5484,7033,NA,NA,NA,NA,"minnesota",1875,NA
17396,"Steel Lake","STEELMN",46.973155,-94.68138,"minnesota","Calibrated radiocarbon years BP",TRUE,FALSE,-50,12289,-50,41190,NA,NA,"minnesota",1873,15
19834,"Fox Lake","FOXMN",43.6774,-94.698115,"minnesota","Calibrated radiocarbon years BP",TRUE,FALSE,-11,9120,-52,8220,NA,NA,"minnesota",1858,20
17947,"Little Shingobee Lake","LITSHING",46.994015,-94.694575,"minnesota","Calibrated radiocarbon years BP",TRUE,FALSE,2441,12831,-48,16230,NA,NA,"minnesota",1873,10
19812,"Madelia","MADELIA",44.0833333333333,-94.4166666666667,"minnesota","Radiocarbon years BP",TRUE,FALSE,9273,13793,9300,12650,NA,NA,"minnesota",1854,5
3131,"Hell's Kitchen Lake","HELLSKIT",46.183333,-89.7,"wisconsin","Radiocarbon years BP",FALSE,NA,-10,2046,NA,NA,NA,NA,"wisconsin",1907,15
3473,"Lake Mary","LAKEMARY",46.25,-89.9,"wisconsin","Radiocarbon years BP",TRUE,FALSE,200,10345,200,9460,NA,NA,"wisconsin",1907,10
287,"Blue Mounds Creek","BLUMOUND",43.083333,-89.866667,"wisconsin","Radiocarbon years BP",TRUE,FALSE,0,10322,0,10485,NA,NA,"wisconsin",1834,15
313,"Brown Lake","BROWNLK",45.783333,-89.483333,"wisconsin","Radiocarbon years BP",FALSE,FALSE,-31,80,NA,NA,NA,NA,"wisconsin",1907,NA
333,"Camp 12 Lake","CAMP12LK",45.986111,-89.375,"wisconsin","Radiocarbon years BP",FALSE,FALSE,-33,177,NA,NA,NA,NA,"wisconsin",1907,NA
546,"Dark Lake","DARKLAKE",45.275,-91.475,"wisconsin","Radiocarbon years BP",FALSE,FALSE,0,994,0,930,NA,NA,"wisconsin",1907,20
681,"Denton Lake","DENTONLK",45.85,-89.316667,"wisconsin","Radiocarbon years BP",FALSE,FALSE,-33,118,NA,NA,NA,NA,"wisconsin",1907,NA
684,"Devils Lake","DEVILSWI",43.4178,-89.73205,"wisconsin","Radiocarbon years BP",TRUE,FALSE,0,13614,0,12580,NA,NA,"wisconsin",1846,10
700,"Disterhaft Farm Bog","DISTER59",43.916944,-89.166944,"wisconsin","Radiocarbon years BP",FALSE,FALSE,699,13840,NA,NA,NA,NA,"wisconsin",1851,NA
3081,"Disterhaft Farm Bog","DISTRHFT",43.916944,-89.166944,"wisconsin","Radiocarbon years BP",TRUE,FALSE,500,13955,99,12520,NA,NA,"wisconsin",1851,20
806,"Ernst Brother's Pit","ERNSTPIT",43.233056,-88.041944,"wisconsin","Radiocarbon years BP",FALSE,FALSE,7646,13409,NA,NA,NA,NA,"wisconsin",1846,NA
860,"Gass Lake","GASS",44.05,-87.733333,"wisconsin","Radiocarbon years BP",TRUE,FALSE,0,15612,0,11760,NA,NA,"wisconsin",1834,20
1004,"Hansen Marsh","HANSEN",43.439585,-89.670815,"wisconsin","Radiocarbon years BP",TRUE,FALSE,-15,14000,-15,10735,NA,NA,"wisconsin",1846,5
1151,"Iola Bog","IOLABOG",44.5,-89.116944,"wisconsin","Radiocarbon years BP",FALSE,FALSE,117,11676,NA,NA,NA,NA,"wisconsin",1907,NA
1447,"Kellys Hollow","KELLHOL1",45.3,-90.35,"wisconsin","Radiocarbon years BP",TRUE,FALSE,-29,10000,-29,9590,NA,NA,"wisconsin",1907,10
3452,"Kellys Hollow","KELLHOL2",45.3,-90.35,"wisconsin","Radiocarbon years BP",TRUE,FALSE,-29,10730,-29,6580,NA,NA,"wisconsin",1907,15
1448,"Kellners Lake","KELLNERS",44.238056,-87.848056,"wisconsin","Radiocarbon years BP",TRUE,FALSE,-23,14094,-26,13970,NA,NA,"wisconsin",1846,20
1643,"Little Pine Lake","LITTLPIN",45.283333,-91.483333,"wisconsin","Radiocarbon years BP",FALSE,FALSE,0,779,0,690,NA,NA,"wisconsin",1907,15
3781,"Stewart's Dark Lake","STWDARK2",45.3,-91.45,"wisconsin","Radiocarbon years BP",TRUE,FALSE,482,10649,1770,10570,NA,NA,"wisconsin",1907,20
1735,"Lake Mendota","MENDOTAC",43.1,-89.416667,"wisconsin","Radiocarbon years BP",TRUE,FALSE,0,11469,0,11770,NA,NA,"wisconsin",1834,20
3488,"Lake Mendota","MENDOTAD",43.1,-89.416667,"wisconsin","Radiocarbon years BP",TRUE,FALSE,75,14136,0,10990,NA,NA,"wisconsin",1834,10
1840,"Otto Mielke Lake","OTTOMLK",45.933333,-89.625,"wisconsin","Radiocarbon years BP",FALSE,FALSE,-32,286,NA,NA,NA,NA,"wisconsin",1907,NA
2011,"Radtke Lake","RADTKE",43.4,-88.1,"wisconsin","Radiocarbon years BP",TRUE,FALSE,0,11483,0,11460,NA,NA,"wisconsin",1846,15
2309,"Ruby Lake","RUBYLAKE",45.283333,-91.458333,"wisconsin","Radiocarbon years BP",FALSE,NA,-15,916,NA,NA,NA,NA,"wisconsin",1907,15
2355,"Seidel","SEIDEL01",44.45,-87.515556,"wisconsin","Radiocarbon years BP",TRUE,FALSE,8420,12930,8680,11620,NA,NA,"wisconsin",1846,20
3620,"Seidel","SEIDEL02",44.45,-87.515556,"wisconsin","Radiocarbon years BP",TRUE,FALSE,32,11227,0,104,NA,NA,"wisconsin",1846,5
2624,"Tamarack Creek","TAMARACK",44.15,-91.45,"wisconsin","Radiocarbon years BP",TRUE,FALSE,0,4500,0,4410,NA,NA,"wisconsin",1851,5
3035,"Wood Lake","WOODLAKE",45.333333,-90.083333,"wisconsin","Radiocarbon years BP",TRUE,FALSE,0,13101,0,13000,NA,NA,"wisconsin",1907,15
13060,"Adeline Lake","ADELINE",46.30235,-91.166,"wisconsin","Calibrated radiocarbon years BP",TRUE,FALSE,-54,2080,-61,3860,NA,NA,"wisconsin",1907,5
13069,"Elevenses Lake","ELEVENS",46.3815,-91.4935,"wisconsin","Calibrated radiocarbon years BP",TRUE,FALSE,-54,2090,-55,3410,NA,NA,"wisconsin",1907,5
13071,"Eska Lake","ESKALAKE",45.19145,-90.608,"wisconsin","Calibrated radiocarbon years BP",TRUE,FALSE,-35,2135,-60,3200,NA,NA,"wisconsin",1907,10
13073,"Fallison Lake","FALLISON",45.9915,-89.62075,"wisconsin","Calibrated radiocarbon years BP",TRUE,FALSE,-51,2138,-55,7010,NA,NA,"wisconsin",1907,5
14446,"Hell Hole Lake","HELLHOLE",45.786565,-92.21898,"wisconsin","Calibrated radiocarbon years BP",TRUE,FALSE,-50,1967,-54,3779,NA,NA,"wisconsin",1907,5
15302,"Emrick Lake","EMRICK",43.800155,-89.59428,"wisconsin","Calibrated radiocarbon years BP",TRUE,FALSE,-54,11113,-54,11600,NA,NA,"wisconsin",1851,20
15460,"Adventure Lake","ADVENTUR",46.089,-91.939,"wisconsin","Calendar years BP",TRUE,TRUE,-54,100,-54,100,NA,NA,"wisconsin",1907,20
15463,"Benach Lake","BENACH",45.9275,-92.256,"wisconsin","Calendar years BP",TRUE,TRUE,-54,100,-54,100,NA,NA,"wisconsin",1907,5
15477,"BlueJ Lake","BLUEJ",46.405,-91.525,"wisconsin","Calendar years BP",TRUE,TRUE,-55,100,-55,100,NA,NA,"wisconsin",1907,15
15478,"Brozie Lake","BROZIE",45.959335,-92.10745,"wisconsin","Calendar years BP",TRUE,TRUE,-51,100,-51,100,NA,NA,"wisconsin",1907,5
15479,"Camp Two Lake","CAMPTWO",46.50045,-91.4105,"wisconsin","Calendar years BP",TRUE,TRUE,-54,100,-54,100,NA,NA,"wisconsin",1907,15
15489,"Ferry Lake","FERRY01",46.013,-92.125,"wisconsin","Calibrated radiocarbon years BP",TRUE,FALSE,-48,1992,-50,2237,NA,NA,"wisconsin",1907,15
15740,"Hemlock Lake","HEMLOCK",46.3073,-91.19829,"wisconsin","Calibrated radiocarbon years BP",TRUE,TRUE,-32,10717,-32,9230,NA,NA,"wisconsin",1907,20
15882,"Warner Lake","WARNERWI",46.11935,-92.03985,"wisconsin","Calibrated radiocarbon years BP",TRUE,FALSE,-52,1836,-54,1910,NA,NA,"wisconsin",1907,5
15925,"Lake O' Pines","OPINES",46.140435,-89.2553,"wisconsin","Calibrated radiocarbon years BP",TRUE,FALSE,-38,11704,-46,11050,NA,NA,"wisconsin",1907,15
16129,"Lima Bog","LIMABOG",42.78895,-88.8432,"wisconsin","Calibrated radiocarbon years BP",TRUE,FALSE,-20,14226,-30,10180,NA,NA,"wisconsin",1846,10
17304,"Capitola Lake","CAPITOLA",45.519575,-89.55507,"wisconsin","Calibrated radiocarbon years BP",TRUE,FALSE,-6,9557,-35,6970,NA,NA,"wisconsin",1907,10
17387,"Beaver Lake","BEAVERWI",44.919595,-88.15694,"wisconsin","Radiocarbon years BP",TRUE,TRUE,-30,5103,-30,5290,NA,NA,"wisconsin",1907,5
19931,"Lone Star Lake","LONESTAR",45.932,-92.365,"wisconsin","Calibrated radiocarbon years BP",TRUE,FALSE,-49,2055,-52,3710,NA,NA,"wisconsin",1907,5
19933,"Lily Lake","LILY04",45.901,-92.273,"wisconsin","Calibrated radiocarbon years BP",TRUE,FALSE,-52,2184,-54,3820,NA,NA,"wisconsin",1907,5
205,"Andrus Lake","ANDRUSLK",46.7,-85.040278,"michigan:north","Radiocarbon years BP",FALSE,FALSE,-33,141,NA,NA,NA,NA,"michigan:north",1851,NA
332,"Camp 11 Lake","CAMP11LK",46.666667,-88.016667,"michigan:north","Radiocarbon years BP",TRUE,FALSE,0,10355,0,10200,NA,NA,"michigan:north",1907,20
369,"Chippewa Bog","CHIPPEWA",43.123889,-83.241111,"michigan:south","Radiocarbon years BP",TRUE,FALSE,797,10024,1200,9540,NA,NA,"michigan:south",1840,15
532,"Cub Lake","CUB2",44.7,-84.958333,"michigan:south","Radiocarbon years BP",TRUE,FALSE,23,9354,20,8220,NA,NA,"michigan:south",1907,20
679,"Demont Lake","DEMONTLK",43.48,-85,"michigan:south","Radiocarbon years BP",TRUE,FALSE,0,11500,0,11410,NA,NA,"michigan:south",1840,10
847,"Frains Lake","FRAINSLK",42.33,-83.63,"michigan:south","Radiocarbon years BP",TRUE,FALSE,0,17665,10,12570,NA,NA,"michigan:south",1840,20
982,"Green Lake","GREENLK",44.883333,-85.116667,"michigan:south","Radiocarbon years BP",TRUE,FALSE,200,12765,-22,14015,NA,NA,"michigan:south",1851,20
1524,"Kitchner Lake","KITCHNER",45.666667,-87.455,"michigan:north","Radiocarbon years BP",TRUE,FALSE,-21,11019,-30,9470,NA,NA,"michigan:north",1860,20
1580,"Lake Sixteen","LAKE16",45.6,-84.316667,"michigan:south","Radiocarbon years BP",TRUE,FALSE,2206,11769,0,10690,NA,NA,"michigan:south",1907,20
1581,"Lake 27","LAKE27",45.066667,-84.783333,"michigan:south","Radiocarbon years BP",TRUE,FALSE,100,3263,43,3350,NA,NA,"michigan:south",1907,5
1665,"Lost Lake","LOSTLAKE",46.719435,-87.97207,"michigan:north","Radiocarbon years BP",TRUE,FALSE,0,10036,0,43,NA,NA,"michigan:north",1907,5
1725,"McNearny Lake","MCNRNY2A",46.427222,-84.958333,"michigan:north","Radiocarbon years BP",FALSE,FALSE,-23,241,NA,NA,NA,NA,"michigan:north",1851,NA
3485,"McNearny Lake","MCNRNY3A",46.427222,-84.958333,"michigan:north","Radiocarbon years BP",FALSE,FALSE,-23,157,NA,NA,NA,NA,"michigan:north",1851,NA
3486,"McNearny Lake","MCNRNY4A",46.427222,-84.958333,"michigan:north","Radiocarbon years BP",FALSE,FALSE,-27,340,NA,NA,NA,NA,"michigan:north",1851,NA
2318,"Ryerse Lake","RYERSE",46.131944,-85.179167,"michigan:north","Radiocarbon years BP",TRUE,FALSE,603,8923,870,8960,NA,NA,"michigan:north",1846,10
2586,"Spirit Lake","SPIRIT",46.47,-86.958333,"michigan:north","Radiocarbon years BP",TRUE,FALSE,-20,11767,-20,11060,NA,NA,"michigan:north",1851,15
3831,"Vestaburg Bog","VESTABRG",43.416667,-84.883333,"michigan:south","Radiocarbon years BP",TRUE,FALSE,0,20200,0,110,NA,NA,"michigan:south",1840,5
2961,"Wintergreen Lake","WINTERGR",42.4,-85.383333,"michigan:south","Radiocarbon years BP",TRUE,FALSE,-20,12786,-20,13195,NA,NA,"michigan:south",1840,20
3032,"Wolverine Lake","WOLVERIN",46.429167,-85.661111,"michigan:north","Radiocarbon years BP",TRUE,FALSE,100,10115,-30,9980,NA,NA,"michigan:north",1907,20
3047,"Yellow Dog Pond","YELLOWDG",46.75,-87.95,"michigan:north","Radiocarbon years BP",TRUE,FALSE,0,9137,0,9100,NA,NA,"michigan:north",1907,10
15682,"Canyon Lake","CANYONMI",46.833333,-87.921389,"michigan:north","Calibrated radiocarbon years BP",TRUE,FALSE,-10,11320,-20,9725,NA,NA,"michigan:north",1846,15
12001,"Little Dollar Lake","LTDOLLAR",46.186,-85.3082,"michigan:north","Radiocarbon years BP",TRUE,FALSE,-20,6000,-29,5890,NA,NA,"michigan:north",1846,15
13047,"Irwin Smith Bog","IRWINSMT",45.0265,-83.61,"michigan:south","Calibrated radiocarbon years BP",TRUE,FALSE,-22,7213,-60,6090,NA,NA,"michigan:south",1907,5
13097,"Glimmerglass Lake","GLIMML1",46.21517,-89.32082,"michigan:north","Calibrated radiocarbon years BP",TRUE,FALSE,52,11678,-43,11173,NA,NA,"michigan:north",1907,15
14410,"Tower Lake","TOWER1",46.542635,-86.037795,"michigan:north","Calibrated radiocarbon years BP",TRUE,FALSE,1697,8775,-54,7904,NA,NA,"michigan:north",1851,10
14443,"Tower Lake","TOWER4",46.542635,-86.037795,"michigan:north","Calibrated radiocarbon years BP",TRUE,FALSE,-18,457,-55,464,NA,NA,"michigan:north",1851,10
14889,"Tower Lake","TOWER6",46.542635,-86.037795,"michigan:north","Calibrated radiocarbon years BP",TRUE,FALSE,532,1683,-56,1796,NA,NA,"michigan:north",1851,10
17993,"Tower Lake","TOWER7",46.542635,-86.037795,"michigan:north","Calibrated radiocarbon years BP",TRUE,FALSE,2113,2203,-56,2220,NA,NA,"michigan:north",1851,5
14933,"Nelson Lake","NELSONMI",46.2287,-85.380295,"michigan:north","Calibrated radiocarbon years BP",TRUE,TRUE,-46,6901,-46,6710,NA,NA,"michigan:north",1851,10
15032,"Mud Lake","MUDLKMI",47.129415,-88.3169877777778,"michigan:north","Calibrated radiocarbon years BP",TRUE,TRUE,-49,10316,-49,8700,NA,NA,"michigan:north",1846,20
15035,"Lily Lake","LILYMI",47.911995,-89.0908,"michigan:north","Calibrated radiocarbon years BP",TRUE,FALSE,1057,10259,-42,9420,NA,NA,"michigan:north",1860,15
15309,"East Soldier Lake","ESOLDIER",46.34668,-84.857625,"michigan:north","Calibrated radiocarbon years BP",TRUE,FALSE,12,9469,-29,8450,NA,NA,"michigan:north",1851,15
15311,"Guard Lake","GUARD",46.12683,-84.77968,"michigan:north","Calibrated radiocarbon years BP",TRUE,FALSE,451,2939,-28,2785,NA,NA,"michigan:north",1846,20
15316,"Trout Lake Bog","TROUTLBG",46.205,-85.0215,"michigan:north","Calibrated radiocarbon years BP",TRUE,FALSE,-29,3870,-29,3325,NA,NA,"michigan:north",1846,20
15487,"Cowden Lake","COWDEN",43.35538,-85.3568,"michigan:south","Calibrated radiocarbon years BP",TRUE,FALSE,156,2344,-54,2546,NA,NA,"michigan:south",1840,15
15492,"Hicks Lake","HICKSMI",44.022755,-85.283325,"michigan:south","Calibrated radiocarbon years BP",TRUE,FALSE,70,2672,-54,2714,NA,NA,"michigan:south",1851,15
15511,"Morrison Lake","MORRIMI",42.861,-85.2115,"michigan:south","Calibrated radiocarbon years BP",TRUE,FALSE,107,2247,-54,2055,NA,NA,"michigan:south",1840,10
15660,"Buck Lake","BUCKMI",46.520515,-86.35387,"michigan:north","Calibrated radiocarbon years BP",TRUE,TRUE,-34,8393,-33,5700,NA,NA,"michigan:north",1851,20
15916,"Kerr Lake","KERRMI",46.24378,-89.2758,"michigan:north","Calibrated radiocarbon years BP",TRUE,FALSE,865,8621,-44,7520,NA,NA,"michigan:north",1907,20
15919,"Crooked Lake","CROOKEDN",46.24525,-89.29409,"michigan:north","Calibrated radiocarbon years BP",TRUE,FALSE,-12,10136,-44,10110,NA,NA,"michigan:north",1907,20
20695,"Crooked Lake","CROOKEDR",46.24525,-89.29409,"michigan:north","Calibrated radiocarbon years BP",FALSE,FALSE,-41,57,NA,NA,NA,NA,"michigan:north",1907,NA
20697,"Crooked Lake","CROOKEDU",46.24525,-89.29409,"michigan:north","Calibrated radiocarbon years BP",FALSE,FALSE,-40,76,NA,NA,NA,NA,"michigan:north",1907,NA
15922,"Jay Lake","JAYLAKE",46.23435,-89.28155,"michigan:north","Calibrated radiocarbon years BP",TRUE,FALSE,36,10360,-46,9280,NA,NA,"michigan:north",1907,10
17404,"Lorraine Lake","LORRAINE",46.144685,-86.48299,"michigan:north","Radiocarbon years BP",TRUE,TRUE,-30,10120,-30,10806,NA,NA,"michigan:north",1907,15
17406,"Penegor Lake","PENEGOR",46.61506,-88.86036,"michigan:north","Radiocarbon years BP",TRUE,TRUE,-35,8670,-35,9565,NA,NA,"michigan:north",1851,5
20397,"South Rhody peatland","SRHODY",46.565795,-86.0752,"michigan:north","Calibrated radiocarbon years BP",TRUE,TRUE,-41,10416,-50,10559,NA,NA,"michigan:north",1851,10
20512,"Minden Bog","MINDEN",43.60373,-82.86388,"michigan:south","Calibrated radiocarbon years BP",TRUE,TRUE,-42,3390,-50,3429,NA,NA,"michigan:south",1840,10
